Workbook

Sheet 3.1
B2: Versuch 3.1
B5: Nr. | D5: Winkel 0,5° | E5: Winkel '(0-30) | G5: winkel in ° genau | I5: -Abw | K5: + Abw | M5: Abw. Schnitt | O5: Korrektur
B7: 1 | D7: 359.5 | E7: 2 | G7: =D7+(E7/60) -> 359.53333 | I7: =G7-(1/60) -> 359.51667 | K7: =G7+(1/60) -> 359.55 | M7: =AVERAGE(G7,G8) -> 359.525 | O7: =M7-360 -> -0.475
B8: 1 | D8: 359.5 | E8: 1 | G8: =D8+(E8/60) -> 359.51667 | I8: =G8-(1/60) -> 359.5 | K8: =G8+(1/60) -> 359.53333
B11: Geschätzte Abweichung: (') | E11: 1
B12: Abweichung in ° | E12: =E11/60 -> 0.016666667

Sheet 3.3
C4: Prisemnwinkel γ | J4: Abw kopie: | L4: ='3.1'!O7 -> -0.475
C6: 𝜑1 (°) | D6: 𝜑1 (') | F6: 𝜑2 (°) | G6: 𝜑2 (')
C8: 253.5 | D8: 4 | F8: 313.5 | G8: 3 | L8: =1/60 -> 0.016666667
D12: Wert in ° genau | F12: Abw. - | H12: Abw. +
C14: 𝜑1 ges. | D14: =C8+(D8/60) -> 253.56667 | F14: =D14+($L$4) -> 253.09167 | H14: =D14-($L$4) -> 254.04167
C16: 𝜑1 ges. | D16: =F8+(G8/60) -> 313.55 | F16: =D16+($L$4) -> 313.075 | H16: =D16-($L$4) -> 314.025
C19: Mittelwert 𝜸
C22: =(D14-D16)/2 -> -29.991667 | D22: =C22*2 -> -59.983333

Sheet 3.4.1
B3: nach Links | D3: Abw. Kopie: | E3: ='3.1'!E11 -> 1
D4: Korr. | E4: ='3.1'!O7 -> -0.475 | Q4: Negative abweichung von der kleineren zahl
B6: Messung 1 | Q6: Postivite vaweichung von der größeren
B8: Farbe | D8: λ in nm | F8: W (°) | G8: W(') | H8: Wges | J8: W-Abw | K8: W+Abw | N8: Schnitt M1 & M2 | Q8: neg. Abw | S8: pos. Abw | U8: Schnitt Korrigiert
B10: Dunkelrot | D10: 706.54 | F10: 47 | G10: 1 | H10: =F10+(G10/60) -> 47.016667 | J10: =H10-($E$3/60) -> 47 | K10: =H10+($E$3/60) -> 47.033333 | N10: =AVERAGE(H10,H23) -> 47.008333 | Q10: =H23-($E$3/60) -> 46.983333 | S10: =H10+($E$3/60) -> 47.033333 | U10: =N10+$E$4 -> 46.533333
B11: Rot | D11: 667.82 | F11: 47 | G11: 11 | H11: =F11+(G11/60) -> 47.183333 | J11: =H11-($E$3/60) -> 47.166667 | K11: =H11+($E$3/60) -> 47.2 | N11: =AVERAGE(H11,H24) -> 47.175 | Q11: =H24-($E$3/60) -> 47.15 | S11: =H11+($E$3/60) -> 47.2 | U11: =N11+$E$4 -> 46.7
B12: Gelb | D12: 587.56 | F12: 47.5 | G12: 12 | H12: =F12+(G12/60) -> 47.7 | J12: =H12-($E$3/60) -> 47.683333 | K12: =H12+($E$3/60) -> 47.716667 | N12: =AVERAGE(H12,H25) -> 47.725 | Q12: =H12-($E$3/60) -> 47.683333 | S12: =H25+($E$3/60) -> 47.766667 | U12: =N12+$E$4 -> 47.25
B13: Grün | D13: 501.57 | F13: 48.5 | G13: 9 | H13: =F13+(G13/60) -> 48.65 | J13: =H13-($E$3/60) -> 48.633333 | K13: =H13+($E$3/60) -> 48.666667 | N13: =AVERAGE(H13,H26) -> 48.65 | Q13: =N13-($E$3/60) -> 48.633333 | S13: =N13+($E$3/60) -> 48.666667 | U13: =N13+$E$4 -> 48.175
B14: Blaugrün | D14: 492.19 | F14: 48.5 | G14: 17 | H14: =F14+(G14/60) -> 48.783333 | J14: =H14-($E$3/60) -> 48.766667 | K14: =H14+($E$3/60) -> 48.8 | N14: =AVERAGE(H14,H27) -> 48.791667 | Q14: =H14-($E$3/60) -> 48.766667 | S14: =H27+($E$3/60) -> 48.816667 | U14: =N14+$E$4 -> 48.316667
B15: Blau | D15: 447.15 | F15: 49 | G15: 7 | H15: =F15+(G15/60) -> 49.116667 | J15: =H15-($E$3/60) -> 49.1 | K15: =H15+($E$3/60) -> 49.133333 | N15: =AVERAGE(H15,H28) -> 49.108333 | Q15: =H28-($E$3/60) -> 49.083333 | S15: =H15+($E$3/60) -> 49.133333 | U15: =N15+$E$4 -> 48.633333
B16: Violett | D16: 438.79 | F16: 49.5 | G16: 7 | H16: =F16+(G16/60) -> 49.616667 | J16: =H16-($E$3/60) -> 49.6 | K16: =H16+($E$3/60) -> 49.633333 | N16: =AVERAGE(H16,H29) -> 49.6 | Q16: =H29-($E$3/60) -> 49.566667 | S16: =H16+($E$3/60) -> 49.633333 | U16: =N16+$E$4 -> 49.125
B19: Messung 2
B21: Farbe | D21: λ in nm | F21: W (°) | G21: W(') | H21: Wges | J21: W-Abw | K21: W+Abw
B23: =B10 -> Dunkelrot | D23: 706.54 | F23: 47 | G23: 0 | H23: =F23+(G23/60) -> 47 | J23: =H23-($E$3/60) -> 46.983333 | K23: =H23+($E$3/60) -> 47.016667
B24: =B11 -> Rot | D24: 667.82 | F24: 47 | G24: 10 | H24: =F24+(G24/60) -> 47.166667 | J24: =H24-($E$3/60) -> 47.15 | K24: =H24+($E$3/60) -> 47.183333
B25: =B12 -> Gelb | D25: 587.56 | F25: 47.5 | G25: 15 | H25: =F25+(G25/60) -> 47.75 | J25: =H25-($E$3/60) -> 47.733333 | K25: =H25+($E$3/60) -> 47.766667
B26: =B13 -> Grün | D26: 501.57 | F26: 48.5 | G26: 9 | H26: =F26+(G26/60) -> 48.65 | J26: =H26-($E$3/60) -> 48.633333 | K26: =H26+($E$3/60) -> 48.666667
B27: =B14 -> Blaugrün | D27: 492.19 | F27: 48.5 | G27: 18 | H27: =F27+(G27/60) -> 48.8 | J27: =H27-($E$3/60) -> 48.783333 | K27: =H27+($E$3/60) -> 48.816667
B28: =B15 -> Blau | D28: 447.15 | F28: 49 | G28: 6 | H28: =F28+(G28/60) -> 49.1 | J28: =H28-($E$3/60) -> 49.083333 | K28: =H28+($E$3/60) -> 49.116667
B29: =B16 -> Violett | D29: 438.79 | F29: 49.5 | G29: 5 | H29: =F29+(G29/60) -> 49.583333 | J29: =H29-($E$3/60) -> 49.566667 | K29: =H29+($E$3/60) -> 49.6

Sheet 3.4.2
B3: nach Rechts | D3: Abw. Kopie: | E3: ='3.1'!E11 -> 1
D4: Korr. | E4: ='3.1'!O7 -> -0.475 | Q4: Negative abweichung von der kleineren zahl
B6: Messung 1 | Q6: Postivite vaweichung von der größeren
B8: Farbe | D8: λ in nm | F8: W (°) | G8: W(') | H8: Wges | J8: W-Abw | K8: W+Abw | N8: Durchschnitt M1 & M2 | Q8: neg. Abw | S8: pos. Abw | U8: Schnitt Korrigiert
B10: ='3.4.1'!B10 -> Dunkelrot | D10: 706.54 | F10: 312 | G10: 22 | H10: =F10+(G10/60) -> 312.36667 | J10: =H10-($E$3/60) -> 312.35 | K10: =H10+($E$3/60) -> 312.38333 | N10: =AVERAGE(H10,H23) -> 312.35 | Q10: =H23-($E$3/60) -> 312.31667 | S10: =H10+($E$3/60) -> 312.38333 | U10: =N10-$E$4 -> 312.825
B11: ='3.4.1'!B11 -> Rot | D11: 667.82 | F11: 312 | G11: 9 | H11: =F11+(G11/60) -> 312.15 | J11: =H11-($E$3/60) -> 312.13333 | K11: =H11+($E$3/60) -> 312.16667 | N11: =AVERAGE(H11,H24) -> 312.15 | Q11: =H24-($E$3/60) -> 312.13333 | S11: =H11+($E$3/60) -> 312.16667 | U11: =N11-$E$4 -> 312.625
B12: ='3.4.1'!B12 -> Gelb | D12: 587.56 | F12: 311.5 | G12: 6 | H12: =F12+(G12/60) -> 311.6 | J12: =H12-($E$3/60) -> 311.58333 | K12: =H12+($E$3/60) -> 311.61667 | N12: =AVERAGE(H12,H25) -> 311.6 | Q12: =H12-($E$3/60) -> 311.58333 | S12: =H25+($E$3/60) -> 311.61667 | U12: =N12-$E$4 -> 312.075
B13: ='3.4.1'!B13 -> Grün | D13: 501.57 | F13: 310.5 | G13: 10 | H13: =F13+(G13/60) -> 310.66667 | J13: =H13-($E$3/60) -> 310.65 | K13: =H13+($E$3/60) -> 310.68333 | N13: =AVERAGE(H13,H26) -> 310.66667 | Q13: =H13-($E$3/60) -> 310.65 | S13: =N13+($E$3/60) -> 310.68333 | U13: =N13-$E$4 -> 311.14167
B14: ='3.4.1'!B14 -> Blaugrün | D14: 492.19 | F14: 310.5 | G14: 1 | H14: =F14+(G14/60) -> 310.51667 | J14: =H14-($E$3/60) -> 310.5 | K14: =H14+($E$3/60) -> 310.53333 | N14: =AVERAGE(H14,H27) -> 310.525 | Q14: =H14-($E$3/60) -> 310.5 | S14: =H27+($E$3/60) -> 310.55 | U14: =N14-$E$4 -> 311
B15: ='3.4.1'!B15 -> Blau | D15: 447.15 | F15: 310 | G15: 10 | H15: =F15+(G15/60) -> 310.16667 | J15: =H15-($E$3/60) -> 310.15 | K15: =H15+($E$3/60) -> 310.18333 | N15: =AVERAGE(H15,H28) -> 310.16667 | Q15: =H15-($E$3/60) -> 310.15 | S15: =H28+($E$3/60) -> 310.18333 | U15: =N15-$E$4 -> 310.64167
B16: ='3.4.1'!B16 -> Violett | D16: 438.79 | F16: 309.5 | G16: 10 | H16: =F16+(G16/60) -> 309.66667 | J16: =H16-($E$3/60) -> 309.65 | K16: =H16+($E$3/60) -> 309.68333 | N16: =AVERAGE(H16,H29) -> 309.66667 | Q16: =H16-($E$3/60) -> 309.65 | S16: =H29+($E$3/60) -> 309.68333 | U16: =N16-$E$4 -> 310.14167
B19: Messung 2
B21: Farbe | D21: λ in nm | F21: W (°) | G21: W(') | H21: Wges | J21: W-Abw | K21: W+Abw
B23: =B10 -> Dunkelrot | D23: 706.54 | F23: 312 | G23: 20 | H23: =F23+(G23/60) -> 312.33333 | J23: =H23-($E$3/60) -> 312.31667 | K23: =H23+($E$3/60) -> 312.35
B24: =B11 -> Rot | D24: 667.82 | F24: 312 | G24: 9 | H24: =F24+(G24/60) -> 312.15 | J24: =H24-($E$3/60) -> 312.13333 | K24: =H24+($E$3/60) -> 312.16667
B25: =B12 -> Gelb | D25: 587.56 | F25: 311.5 | G25: 6 | H25: =F25+(G25/60) -> 311.6 | J25: =H25-($E$3/60) -> 311.58333 | K25: =H25+($E$3/60) -> 311.61667
B26: =B13 -> Grün | D26: 501.57 | F26: 310.5 | G26: 10 | H26: =F26+(G26/60) -> 310.66667 | J26: =H26-($E$3/60) -> 310.65 | K26: =H26+($E$3/60) -> 310.68333
B27: =B14 -> Blaugrün | D27: 492.19 | F27: 310.5 | G27: 2 | H27: =F27+(G27/60) -> 310.53333 | J27: =H27-($E$3/60) -> 310.51667 | K27: =H27+($E$3/60) -> 310.55
B28: =B15 -> Blau | D28: 447.15 | F28: 310 | G28: 10 | H28: =F28+(G28/60) -> 310.16667 | J28: =H28-($E$3/60) -> 310.15 | K28: =H28+($E$3/60) -> 310.18333
B29: =B16 -> Violett | D29: 438.79 | F29: 309.5 | G29: 10 | H29: =F29+(G29/60) -> 309.66667 | J29: =H29-($E$3/60) -> 309.65 | K29: =H29+($E$3/60) -> 309.68333

Sheet 3.4.3
B4: Farbe | D4: Schnitte Links | F4: Schnitte Rechts | M4: Differenz (Betrag)
B7: ='3.4.1'!B10 -> Dunkelrot | D7: ='3.4.1'!N10 -> 47.008333 | F7: {='3.4.2'!N10:N16} -> 312.35 | M7: =D7-(360-F7) -> -0.64166667
B8: ='3.4.1'!B11 -> Rot | D8: ='3.4.1'!N11 -> 47.175 | F8: 312.15 | M8: =D8-(360-F8) -> -0.675
B9: ='3.4.1'!B12 -> Gelb | D9: ='3.4.1'!N12 -> 47.725 | F9: 311.6 | M9: =D9-(360-F9) -> -0.675
B10: ='3.4.1'!B13 -> Grün | D10: ='3.4.1'!N13 -> 48.65 | F10: 310.66667 | M10: =D10-(360-F10) -> -0.68333333
B11: ='3.4.1'!B14 -> Blaugrün | D11: ='3.4.1'!N14 -> 48.791667 | F11: 310.525 | M11: =D11-(360-F11) -> -0.68333333
B12: ='3.4.1'!B15 -> Blau | D12: ='3.4.1'!N15 -> 49.108333 | F12: 310.16667 | M12: =D12-(360-F12) -> -0.725
B13: ='3.4.1'!B16 -> Violett | D13: ='3.4.1'!N16 -> 49.6 | F13: 309.66667 | M13: =D13-(360-F13) -> -0.73333333
D17: Schnitte Links korr. | F17: Schnitte Rechts korr. | I17: Betr. Korrigiert | L17: Duchschnitt fehler in farben
B19: =B7 -> Dunkelrot | D19: ='3.4.1'!U10 -> 46.533333 | F19: ='3.4.2'!U10 -> 312.825 | I19: =D19-(360-F19) -> -0.64166667 | L19: =AVERAGE(I19:I25) -> -0.68809524
B20: =B8 -> Rot | D20: ='3.4.1'!U11 -> 46.7 | F20: ='3.4.2'!U11 -> 312.625 | I20: =D20-(360-F20) -> -0.675
B21: =B9 -> Gelb | D21: ='3.4.1'!U12 -> 47.25 | F21: ='3.4.2'!U12 -> 312.075 | I21: =D21-(360-F21) -> -0.675
B22: =B10 -> Grün | D22: ='3.4.1'!U13 -> 48.175 | F22: ='3.4.2'!U13 -> 311.14167 | I22: =D22-(360-F22) -> -0.68333333
B23: =B11 -> Blaugrün | D23: ='3.4.1'!U14 -> 48.316667 | F23: ='3.4.2'!U14 -> 311 | I23: =D23-(360-F23) -> -0.68333333
B24: =B12 -> Blau | D24: ='3.4.1'!U15 -> 48.633333 | F24: ='3.4.2'!U15 -> 310.64167 | I24: =D24-(360-F24) -> -0.725
B25: =B13 -> Violett | D25: ='3.4.1'!U16 -> 49.125 | F25: ='3.4.2'!U16 -> 310.14167 | I25: =D25-(360-F25) -> -0.73333333

Sheet Protokoll
B3: λ | C3: δmin | D3: n
B4: 706.54 | C4: 46.533333 | D4: =SIN(RADIANS((C4+$B$17)/2))/SIN((RADIANS($B$17/2))) -> 2.3933068 | F4: B | G4: 8640.2
B5: 667.82 | C5: 46.7 | D5: =SIN(RADIANS((C5+$B$17)/2))/SIN((RADIANS($B$17/2))) -> 2.3977178
B6: 587.56 | C6: 47.25 | D6: =SIN(RADIANS((C6+$B$17)/2))/SIN((RADIANS($B$17/2))) -> 2.4122381 | F6: A | G6: 2353230
B7: 501.57 | C7: 48.175 | D7: =SIN(RADIANS((C7+$B$17)/2))/SIN((RADIANS($B$17/2))) -> 2.4365332
B8: 492.19 | C8: 48.316667 | D8: =SIN(RADIANS((C8+$B$17)/2))/SIN((RADIANS($B$17/2))) -> 2.4402401
B9: 447.15 | C9: 48.633333 | D9: =SIN(RADIANS((C9+$B$17)/2))/SIN((RADIANS($B$17/2))) -> 2.4485125
B10: 438.79 | C10: 49.125 | D10: =SIN(RADIANS((C10+$B$17)/2))/SIN((RADIANS($B$17/2))) -> 2.4613196
B14: Mittelwert 𝜸
B16: ='3.3'!C22 -> -29.991667
B17: =ABS(B16) -> 29.991667
C18: Glass | F18: A_glass | G18: B_glass | I18: Abweichung
C20: Quarzglas | F20: 1.458 | G20: 0.00354 | I20: =(($G$4/1000)-G20)/(G20*100) -> 24.397345
C21: Borsilikatglas (BK7) | F21: 1.5046 | G21: 0.0042 | I21: =(($G$4/1000)-G21)/(G21*100) -> 20.561905
C22: Kronglas (K5) | F22: 1.522 | G22: 0.00459 | I22: =(($G$4/1000)-G22)/(G22*100) -> 18.813965
C23: Barium-Kronglas (BaK4) | F23: 1.569 | G23: 0.00531 | I23: =(($G$4/1000)-G23)/(G23*100) -> 16.261563
C24: Flintglas (F2) | F24: 15904 | G24: 0.00571 | I24: =(($G$4/1000)-G24)/(G24*100) -> 15.121699
C25: Barium-Flintglas (BaF10) | F25: 1.67 | G25: 0.00743 | I25: =(($G$4/1000)-G25)/(G25*100) -> 11.618802
C26: dichtes Flintglas (SF10) | F26: 1.728 | G26: 0.01342 | I26: =(($G$4/1000)-G26)/(G26*100) -> 6.428301
